Id,Label,is_mutation,new_size
1M,,False,1.0
2F,,False,1.0
3V,,False,1.0
4F,,False,1.0
5L,5L,True,7.252536640360766
6V,,False,1.0
7L,,False,1.0
8L,,False,1.0
9P,9P,True,8.842307692307692
10L,,False,1.0
11V,,False,1.0
12S,,False,1.0
13S,13S,True,7.838068181818182
14Q,,False,1.0
15C,,False,1.0
16V,,False,1.0
17N,,False,1.0
18L,18L,True,14.514285714285718
19R,,False,1.0
20T,20T,True,38.30000000000001
21R,,False,1.0
22T,,False,1.0
23Q,,False,1.0
24L,24L,True,33.54285714285715
25P,,False,1.0
26P,26P,True,6.774422735346358
27A,,False,1.0
28Y,,False,1.0
29T,,False,1.0
30N,,False,1.0
31S,,False,1.0
32F,,False,1.0
33T,,False,1.0
34R,,False,1.0
35G,,False,1.0
36V,,False,1.0
37Y,,False,1.0
38Y,,False,1.0
39P,,False,1.0
40D,,False,1.0
41K,,False,1.0
42V,,False,1.0
43F,,False,1.0
44R,,False,1.0
45S,,False,1.0
46S,,False,1.0
47V,,False,1.0
48L,,False,1.0
49H,,False,1.0
50S,,False,1.0
51T,,False,1.0
52Q,52Q,True,7.183606557377049
53D,,False,1.0
54L,,False,1.0
55F,,False,1.0
56L,,False,1.0
57P,,False,1.0
58F,,False,1.0
59F,,False,1.0
60S,,False,1.0
61N,,False,1.0
62V,,False,1.0
63T,,False,1.0
64W,,False,1.0
65F,,False,1.0
66H,,False,1.0
67A,67A,True,9.982543640897756
68I,,False,1.0
69H,,False,1.0
70V,,False,1.0
71S,,False,1.0
72G,,False,1.0
73T,,False,1.0
74N,,False,1.0
75G,75G,True,1005.0
76T,76T,True,1005.0
77K,,False,1.0
78R,,False,1.0
79F,,False,1.0
80D,80D,True,9.39120879120879
81N,,False,1.0
82P,,False,1.0
83V,,False,1.0
84L,,False,1.0
85P,,False,1.0
86F,,False,1.0
87N,,False,1.0
88D,,False,1.0
89G,,False,1.0
90V,,False,1.0
91Y,,False,1.0
92F,,False,1.0
93A,,False,1.0
94S,,False,1.0
95T,95T,True,9.224101479915433
96E,,False,1.0
97K,,False,1.0
98S,,False,1.0
99N,,False,1.0
100I,,False,1.0
101I,,False,1.0
102R,,False,1.0
103G,,False,1.0
104W,,False,1.0
105I,,False,1.0
106F,,False,1.0
107G,,False,1.0
108T,,False,1.0
109T,,False,1.0
110L,,False,1.0
111D,,False,1.0
112S,,False,1.0
113K,,False,1.0
114T,,False,1.0
115Q,,False,1.0
116S,,False,1.0
117L,,False,1.0
118L,,False,1.0
119I,,False,1.0
120V,,False,1.0
121N,,False,1.0
122N,,False,1.0
123A,,False,1.0
124T,,False,1.0
125N,,False,1.0
126V,126V,True,9.206315789473685
127V,,False,1.0
128I,,False,1.0
129K,,False,1.0
130V,,False,1.0
131C,,False,1.0
132E,,False,1.0
133F,,False,1.0
134Q,,False,1.0
135F,,False,1.0
136C,136C,True,6.522865853658537
137N,,False,1.0
138D,138D,True,10.825072886297377
139P,,False,1.0
140F,,False,1.0
141L,,False,1.0
142D,,False,1.0
143V,,False,1.0
144Y,,False,1.0
145Y,145Y,True,10.75792507204611
146H,,False,1.0
147K,,False,1.0
148N,,False,1.0
149N,,False,1.0
150K,,False,1.0
151S,,False,1.0
152W,152W,True,1005.0
153M,,False,1.0
154E,,False,1.0
155S,,False,1.0
156G,,False,1.0
157V,,False,1.0
158Y,,False,1.0
159S,,False,1.0
160S,,False,1.0
161A,,False,1.0
162N,,False,1.0
163N,,False,1.0
164C,,False,1.0
165T,,False,1.0
166F,,False,1.0
167E,,False,1.0
168Y,,False,1.0
169V,,False,1.0
170S,,False,1.0
171Q,,False,1.0
172P,,False,1.0
173F,,False,1.0
174L,,False,1.0
175M,,False,1.0
176D,,False,1.0
177L,,False,1.0
178E,,False,1.0
179G,,False,1.0
180K,,False,1.0
181Q,,False,1.0
182G,,False,1.0
183N,,False,1.0
184F,,False,1.0
185K,,False,1.0
186N,,False,1.0
187L,,False,1.0
188R,,False,1.0
189E,,False,1.0
190F,,False,1.0
191V,,False,1.0
192F,,False,1.0
193K,,False,1.0
194N,,False,1.0
195I,,False,1.0
196D,,False,1.0
197G,,False,1.0
198Y,,False,1.0
199F,,False,1.0
200K,,False,1.0
201I,,False,1.0
202Y,,False,1.0
203S,,False,1.0
204K,,False,1.0
205H,,False,1.0
206T,,False,1.0
207P,,False,1.0
208I,,False,1.0
209N,,False,1.0
210L,,False,1.0
211V,,False,1.0
212R,,False,1.0
213D,,False,1.0
214L,,False,1.0
215P,,False,1.0
216Q,,False,1.0
217G,,False,1.0
218F,,False,1.0
219S,,False,1.0
220V,,False,1.0
221L,,False,1.0
222E,,False,1.0
223P,,False,1.0
224L,,False,1.0
225V,,False,1.0
226D,,False,1.0
227L,,False,1.0
228P,,False,1.0
229I,,False,1.0
230G,,False,1.0
231I,,False,1.0
232N,,False,1.0
233I,,False,1.0
234T,,False,1.0
235R,,False,1.0
236F,,False,1.0
237Q,,False,1.0
238T,,False,1.0
239L,,False,1.0
240L,,False,1.0
241A,,False,1.0
242L,,False,1.0
243H,,False,1.0
244R,,False,1.0
245S,,False,1.0
246Y,,False,1.0
247L,,False,1.0
248T,,False,1.0
249P,,False,1.0
250G,,False,1.0
251D,,False,1.0
252S,,False,1.0
253S,,False,1.0
254S,,False,1.0
255G,,False,1.0
256W,,False,1.0
257T,,False,1.0
258A,,False,1.0
259G,,False,1.0
260A,,False,1.0
261A,,False,1.0
262A,,False,1.0
263Y,,False,1.0
264Y,,False,1.0
265V,,False,1.0
266G,,False,1.0
267Y,,False,1.0
268L,,False,1.0
269Q,,False,1.0
270P,,False,1.0
271R,,False,1.0
272T,,False,1.0
273F,,False,1.0
274L,,False,1.0
275L,,False,1.0
276K,,False,1.0
277Y,,False,1.0
278N,,False,1.0
279E,,False,1.0
280N,,False,1.0
281G,,False,1.0
282T,,False,1.0
283I,,False,1.0
284T,,False,1.0
285D,,False,1.0
286A,,False,1.0
287I,,False,1.0
288D,,False,1.0
289C,,False,1.0
290A,,False,1.0
291L,,False,1.0
292D,,False,1.0
293P,,False,1.0
294L,,False,1.0
295S,,False,1.0
296E,,False,1.0
297T,,False,1.0
298K,,False,1.0
299C,,False,1.0
300T,,False,1.0
301L,,False,1.0
302K,,False,1.0
303S,,False,1.0
304F,,False,1.0
305T,,False,1.0
306V,,False,1.0
307E,,False,1.0
308K,,False,1.0
309G,,False,1.0
310I,,False,1.0
311Y,,False,1.0
312Q,,False,1.0
313T,,False,1.0
314S,,False,1.0
315N,,False,1.0
316F,,False,1.0
317R,,False,1.0
318V,,False,1.0
319Q,,False,1.0
320P,,False,1.0
321T,,False,1.0
322E,,False,1.0
323S,,False,1.0
324I,,False,1.0
325V,,False,1.0
326R,,False,1.0
327F,,False,1.0
328P,,False,1.0
329N,,False,1.0
330I,,False,1.0
331T,,False,1.0
332N,,False,1.0
333L,,False,1.0
334C,,False,1.0
335P,,False,1.0
336F,,False,1.0
337G,,False,1.0
338E,,False,1.0
339V,,False,1.0
340F,,False,1.0
341N,,False,1.0
342A,,False,1.0
343T,,False,1.0
344R,,False,1.0
345F,,False,1.0
346A,,False,1.0
347S,,False,1.0
348V,,False,1.0
349Y,,False,1.0
350A,,False,1.0
351W,,False,1.0
352N,,False,1.0
353R,,False,1.0
354K,,False,1.0
355R,,False,1.0
356I,,False,1.0
357S,,False,1.0
358N,,False,1.0
359C,,False,1.0
360V,,False,1.0
361A,,False,1.0
362D,,False,1.0
363Y,,False,1.0
364S,,False,1.0
365V,,False,1.0
366L,,False,1.0
367Y,,False,1.0
368N,,False,1.0
369S,,False,1.0
370A,,False,1.0
371S,371S,True,9.233050847457626
372F,,False,1.0
373S,373S,True,7.649867374005305
374T,,False,1.0
375F,,False,1.0
376K,,False,1.0
377C,,False,1.0
378Y,,False,1.0
379G,,False,1.0
380V,,False,1.0
381S,,False,1.0
382P,,False,1.0
383T,,False,1.0
384K,,False,1.0
385L,,False,1.0
386N,,False,1.0
387D,,False,1.0
388L,,False,1.0
389C,,False,1.0
390F,,False,1.0
391T,,False,1.0
392N,,False,1.0
393V,,False,1.0
394Y,,False,1.0
395A,,False,1.0
396D,,False,1.0
397S,,False,1.0
398F,,False,1.0
399V,,False,1.0
400I,,False,1.0
401R,,False,1.0
402G,,False,1.0
403D,,False,1.0
404E,,False,1.0
405V,,False,1.0
406R,,False,1.0
407Q,,False,1.0
408I,,False,1.0
409A,,False,1.0
410P,,False,1.0
411G,,False,1.0
412Q,,False,1.0
413T,,False,1.0
414G,,False,1.0
415K,,False,1.0
416I,,False,1.0
417A,,False,1.0
418D,,False,1.0
419Y,,False,1.0
420N,,False,1.0
421Y,,False,1.0
422K,,False,1.0
423L,,False,1.0
424P,,False,1.0
425D,,False,1.0
426D,,False,1.0
427F,,False,1.0
428T,,False,1.0
429G,,False,1.0
430C,,False,1.0
431V,,False,1.0
432I,,False,1.0
433A,,False,1.0
434W,,False,1.0
435N,,False,1.0
436S,,False,1.0
437N,,False,1.0
438N,,False,1.0
439L,,False,1.0
440D,,False,1.0
441S,,False,1.0
442K,,False,1.0
443V,,False,1.0
444G,,False,1.0
445G,,False,1.0
446N,,False,1.0
447Y,,False,1.0
448N,,False,1.0
449Y,449Y,True,6.846580406654343
450R,,False,1.0
451Y,,False,1.0
452R,,False,1.0
453L,,False,1.0
454F,,False,1.0
455R,,False,1.0
456K,,False,1.0
457S,,False,1.0
458N,,False,1.0
459L,,False,1.0
460K,,False,1.0
461P,,False,1.0
462F,,False,1.0
463E,,False,1.0
464R,,False,1.0
465D,,False,1.0
466I,,False,1.0
467S,,False,1.0
468T,,False,1.0
469E,,False,1.0
470I,,False,1.0
471Y,,False,1.0
472Q,,False,1.0
473A,,False,1.0
474G,,False,1.0
475S,,False,1.0
476K,,False,1.0
477P,,False,1.0
478C,,False,1.0
479N,,False,1.0
480G,,False,1.0
481V,,False,1.0
482E,,False,1.0
483G,,False,1.0
484F,,False,1.0
485N,,False,1.0
486C,,False,1.0
487Y,,False,1.0
488F,,False,1.0
489P,,False,1.0
490L,,False,1.0
491Q,,False,1.0
492S,,False,1.0
493Y,,False,1.0
494G,,False,1.0
495F,,False,1.0
496Q,,False,1.0
497P,,False,1.0
498T,,False,1.0
499N,,False,1.0
500G,,False,1.0
501V,,False,1.0
502G,,False,1.0
503Y,,False,1.0
504Q,,False,1.0
505P,,False,1.0
506Y,,False,1.0
507R,,False,1.0
508V,,False,1.0
509V,,False,1.0
510V,,False,1.0
511L,,False,1.0
512S,,False,1.0
513F,,False,1.0
514E,,False,1.0
515L,,False,1.0
516L,,False,1.0
517H,,False,1.0
518A,,False,1.0
519P,,False,1.0
520A,,False,1.0
521T,,False,1.0
522V,,False,1.0
523C,,False,1.0
524G,,False,1.0
525P,,False,1.0
526K,,False,1.0
527K,,False,1.0
528S,,False,1.0
529T,,False,1.0
530N,,False,1.0
531L,,False,1.0
532V,,False,1.0
533K,,False,1.0
534N,,False,1.0
535K,,False,1.0
536C,,False,1.0
537V,,False,1.0
538N,,False,1.0
539F,,False,1.0
540N,,False,1.0
541F,,False,1.0
542N,,False,1.0
543G,,False,1.0
544L,,False,1.0
545T,,False,1.0
546G,,False,1.0
547T,547T,True,6.90467111534795
548G,,False,1.0
549V,,False,1.0
550L,,False,1.0
551T,,False,1.0
552E,,False,1.0
553S,,False,1.0
554N,,False,1.0
555K,,False,1.0
556K,,False,1.0
557F,,False,1.0
558L,,False,1.0
559P,,False,1.0
560F,,False,1.0
561Q,,False,1.0
562Q,,False,1.0
563F,,False,1.0
564G,,False,1.0
565R,,False,1.0
566D,,False,1.0
567I,,False,1.0
568A,,False,1.0
569D,,False,1.0
570T,,False,1.0
571T,,False,1.0
572D,,False,1.0
573A,,False,1.0
574V,,False,1.0
575R,,False,1.0
576D,,False,1.0
577P,,False,1.0
578Q,,False,1.0
579T,,False,1.0
580L,,False,1.0
581E,,False,1.0
582I,,False,1.0
583L,,False,1.0
584D,,False,1.0
585I,,False,1.0
586T,,False,1.0
587P,,False,1.0
588C,,False,1.0
589S,,False,1.0
590F,,False,1.0
591G,,False,1.0
592G,,False,1.0
593V,,False,1.0
594S,,False,1.0
595V,,False,1.0
596I,,False,1.0
597T,,False,1.0
598P,,False,1.0
599G,,False,1.0
600T,,False,1.0
601N,,False,1.0
602T,,False,1.0
603S,,False,1.0
604N,,False,1.0
605Q,,False,1.0
606V,,False,1.0
607A,,False,1.0
608V,,False,1.0
609L,,False,1.0
610Y,,False,1.0
611Q,,False,1.0
612G,,False,1.0
613V,,False,1.0
614N,,False,1.0
615C,,False,1.0
616T,,False,1.0
617E,,False,1.0
618V,,False,1.0
619P,,False,1.0
620V,,False,1.0
621A,,False,1.0
622I,,False,1.0
623H,,False,1.0
624A,,False,1.0
625D,,False,1.0
626Q,,False,1.0
627L,,False,1.0
628T,,False,1.0
629P,,False,1.0
630T,,False,1.0
631W,,False,1.0
632R,,False,1.0
633V,,False,1.0
634Y,,False,1.0
635S,,False,1.0
636T,,False,1.0
637G,,False,1.0
638S,,False,1.0
639N,,False,1.0
640V,,False,1.0
641F,,False,1.0
642Q,,False,1.0
643T,,False,1.0
644R,,False,1.0
645A,,False,1.0
646G,,False,1.0
647C,,False,1.0
648L,,False,1.0
649I,,False,1.0
650G,,False,1.0
651A,,False,1.0
652E,,False,1.0
653H,,False,1.0
654V,,False,1.0
655N,,False,1.0
656N,,False,1.0
657S,,False,1.0
658Y,,False,1.0
659E,,False,1.0
660C,,False,1.0
661D,,False,1.0
662I,,False,1.0
663P,,False,1.0
664I,,False,1.0
665G,,False,1.0
666A,,False,1.0
667G,,False,1.0
668I,,False,1.0
669C,,False,1.0
670A,,False,1.0
671S,,False,1.0
672Y,,False,1.0
673Q,,False,1.0
674T,,False,1.0
675Q,,False,1.0
676T,,False,1.0
677N,,False,1.0
678S,,False,1.0
679R,,False,1.0
680R,,False,1.0
681R,,False,1.0
682A,,False,1.0
683R,,False,1.0
684S,,False,1.0
685V,,False,1.0
686A,,False,1.0
687S,,False,1.0
688Q,,False,1.0
689S,,False,1.0
690I,,False,1.0
691I,,False,1.0
692A,,False,1.0
693Y,,False,1.0
694T,,False,1.0
695M,,False,1.0
696S,,False,1.0
697L,,False,1.0
698G,,False,1.0
699A,,False,1.0
700E,,False,1.0
701N,,False,1.0
702S,,False,1.0
703V,,False,1.0
704A,,False,1.0
705Y,,False,1.0
706S,,False,1.0
707N,,False,1.0
708N,,False,1.0
709S,,False,1.0
710I,,False,1.0
711A,,False,1.0
712I,,False,1.0
713P,,False,1.0
714T,,False,1.0
715N,,False,1.0
716F,,False,1.0
717T,,False,1.0
718I,,False,1.0
719S,,False,1.0
720V,,False,1.0
721T,,False,1.0
722T,,False,1.0
723E,,False,1.0
724I,,False,1.0
725L,,False,1.0
726P,,False,1.0
727V,,False,1.0
728S,,False,1.0
729M,,False,1.0
730T,,False,1.0
731K,,False,1.0
732T,732T,True,6.811423390752493
733S,,False,1.0
734V,,False,1.0
735D,,False,1.0
736C,,False,1.0
737T,,False,1.0
738M,,False,1.0
739Y,,False,1.0
740I,,False,1.0
741C,,False,1.0
742G,,False,1.0
743D,,False,1.0
744S,,False,1.0
745T,,False,1.0
746E,,False,1.0
747C,,False,1.0
748S,,False,1.0
749N,,False,1.0
750L,,False,1.0
751L,,False,1.0
752L,,False,1.0
753Q,,False,1.0
754Y,,False,1.0
755G,,False,1.0
756S,,False,1.0
757F,,False,1.0
758C,,False,1.0
759T,,False,1.0
760Q,,False,1.0
761L,,False,1.0
762N,,False,1.0
763R,,False,1.0
764A,,False,1.0
765L,,False,1.0
766T,,False,1.0
767G,,False,1.0
768I,,False,1.0
769A,,False,1.0
770V,,False,1.0
771E,,False,1.0
772Q,,False,1.0
773D,,False,1.0
774K,,False,1.0
775N,,False,1.0
776T,,False,1.0
777Q,,False,1.0
778E,,False,1.0
779V,,False,1.0
780F,,False,1.0
781A,,False,1.0
782Q,,False,1.0
783V,,False,1.0
784K,,False,1.0
785Q,,False,1.0
786I,,False,1.0
787Y,,False,1.0
788K,,False,1.0
789T,,False,1.0
790P,,False,1.0
791P,,False,1.0
792I,,False,1.0
793K,,False,1.0
794D,,False,1.0
795F,,False,1.0
796G,,False,1.0
797G,,False,1.0
798F,,False,1.0
799N,,False,1.0
800F,,False,1.0
801S,,False,1.0
802Q,,False,1.0
803I,,False,1.0
804L,,False,1.0
805P,,False,1.0
806D,,False,1.0
807P,,False,1.0
808S,,False,1.0
809K,,False,1.0
810P,,False,1.0
811S,,False,1.0
812K,,False,1.0
813R,,False,1.0
814S,,False,1.0
815F,,False,1.0
816I,,False,1.0
817E,,False,1.0
818D,,False,1.0
819L,,False,1.0
820L,,False,1.0
821F,,False,1.0
822N,,False,1.0
823K,,False,1.0
824V,,False,1.0
825T,,False,1.0
826L,,False,1.0
827A,,False,1.0
828D,,False,1.0
829A,,False,1.0
830G,,False,1.0
831F,,False,1.0
832I,,False,1.0
833K,,False,1.0
834Q,,False,1.0
835Y,,False,1.0
836G,,False,1.0
837D,,False,1.0
838C,,False,1.0
839L,,False,1.0
840G,,False,1.0
841D,,False,1.0
842I,,False,1.0
843A,,False,1.0
844A,,False,1.0
845R,,False,1.0
846D,,False,1.0
847L,,False,1.0
848I,,False,1.0
849C,,False,1.0
850A,,False,1.0
851Q,,False,1.0
852K,,False,1.0
853F,,False,1.0
854N,,False,1.0
855G,,False,1.0
856L,,False,1.0
857T,,False,1.0
858V,,False,1.0
859L,,False,1.0
860P,,False,1.0
861P,,False,1.0
862L,,False,1.0
863L,,False,1.0
864T,,False,1.0
865D,,False,1.0
866E,,False,1.0
867M,,False,1.0
868I,,False,1.0
869A,,False,1.0
870Q,,False,1.0
871Y,,False,1.0
872T,,False,1.0
873S,,False,1.0
874A,,False,1.0
875L,,False,1.0
876L,,False,1.0
877A,,False,1.0
878G,,False,1.0
879T,,False,1.0
880I,,False,1.0
881T,,False,1.0
882S,,False,1.0
883G,,False,1.0
884W,,False,1.0
885T,,False,1.0
886F,,False,1.0
887G,,False,1.0
888A,,False,1.0
889G,,False,1.0
890A,,False,1.0
891A,,False,1.0
892L,,False,1.0
893Q,,False,1.0
894I,,False,1.0
895P,,False,1.0
896F,,False,1.0
897A,,False,1.0
898M,,False,1.0
899Q,,False,1.0
900M,,False,1.0
901A,,False,1.0
902Y,,False,1.0
903R,,False,1.0
904F,,False,1.0
905N,,False,1.0
906G,,False,1.0
907I,,False,1.0
908G,,False,1.0
909V,,False,1.0
910T,,False,1.0
911Q,,False,1.0
912N,,False,1.0
913V,,False,1.0
914L,,False,1.0
915Y,,False,1.0
916E,,False,1.0
917N,,False,1.0
918Q,,False,1.0
919K,,False,1.0
920L,,False,1.0
921I,,False,1.0
922A,,False,1.0
923N,,False,1.0
924Q,,False,1.0
925F,,False,1.0
926N,,False,1.0
927S,,False,1.0
928A,,False,1.0
929I,,False,1.0
930G,,False,1.0
931K,,False,1.0
932I,,False,1.0
933Q,,False,1.0
934D,,False,1.0
935S,,False,1.0
936L,,False,1.0
937S,,False,1.0
938S,,False,1.0
939T,,False,1.0
940A,,False,1.0
941S,,False,1.0
942A,,False,1.0
943L,,False,1.0
944G,,False,1.0
945K,,False,1.0
946L,,False,1.0
947Q,,False,1.0
948N,,False,1.0
949V,,False,1.0
950V,,False,1.0
951N,,False,1.0
952Q,,False,1.0
953N,,False,1.0
954A,,False,1.0
955Q,,False,1.0
956A,,False,1.0
957L,,False,1.0
958N,,False,1.0
959T,,False,1.0
960L,,False,1.0
961V,,False,1.0
962K,,False,1.0
963Q,,False,1.0
964L,,False,1.0
965S,,False,1.0
966S,,False,1.0
967N,,False,1.0
968F,,False,1.0
969G,,False,1.0
970A,,False,1.0
971I,,False,1.0
972S,,False,1.0
973S,,False,1.0
974V,,False,1.0
975L,,False,1.0
976N,,False,1.0
977D,,False,1.0
978I,,False,1.0
979L,,False,1.0
980S,,False,1.0
981R,,False,1.0
982L,,False,1.0
983D,,False,1.0
984K,,False,1.0
985V,,False,1.0
986E,,False,1.0
987A,,False,1.0
988E,,False,1.0
989V,,False,1.0
990Q,,False,1.0
991I,,False,1.0
992D,,False,1.0
993R,,False,1.0
994L,,False,1.0
995I,,False,1.0
996T,,False,1.0
997G,,False,1.0
998R,,False,1.0
999L,,False,1.0
1000Q,,False,1.0
1001S,,False,1.0
1002L,,False,1.0
1003Q,,False,1.0
1004T,,False,1.0
1005Y,,False,1.0
1006V,,False,1.0
1007T,,False,1.0
1008Q,,False,1.0
1009Q,,False,1.0
1010L,,False,1.0
1011I,,False,1.0
1012R,,False,1.0
1013A,,False,1.0
1014A,,False,1.0
1015E,,False,1.0
1016I,,False,1.0
1017R,,False,1.0
1018A,,False,1.0
1019S,,False,1.0
1020A,,False,1.0
1021N,,False,1.0
1022L,,False,1.0
1023A,,False,1.0
1024A,,False,1.0
1025T,,False,1.0
1026K,,False,1.0
1027M,,False,1.0
1028S,,False,1.0
1029E,,False,1.0
1030C,,False,1.0
1031V,,False,1.0
1032L,,False,1.0
1033G,,False,1.0
1034Q,,False,1.0
1035S,,False,1.0
1036K,,False,1.0
1037R,,False,1.0
1038V,,False,1.0
1039D,,False,1.0
1040F,,False,1.0
1041C,,False,1.0
1042G,,False,1.0
1043K,,False,1.0
1044G,,False,1.0
1045Y,,False,1.0
1046H,,False,1.0
1047L,,False,1.0
1048M,,False,1.0
1049S,,False,1.0
1050F,,False,1.0
1051P,,False,1.0
1052Q,,False,1.0
1053S,,False,1.0
1054A,,False,1.0
1055P,,False,1.0
1056H,,False,1.0
1057G,,False,1.0
1058V,,False,1.0
1059V,,False,1.0
1060F,,False,1.0
1061L,,False,1.0
1062H,,False,1.0
1063V,,False,1.0
1064T,,False,1.0
1065Y,,False,1.0
1066V,,False,1.0
1067P,,False,1.0
1068A,,False,1.0
1069Q,,False,1.0
1070E,,False,1.0
1071K,,False,1.0
1072N,,False,1.0
1073F,,False,1.0
1074T,,False,1.0
1075T,,False,1.0
1076A,,False,1.0
1077P,,False,1.0
1078A,,False,1.0
1079I,,False,1.0
1080C,,False,1.0
1081H,,False,1.0
1082D,,False,1.0
1083G,,False,1.0
1084K,,False,1.0
1085A,,False,1.0
1086H,,False,1.0
1087F,,False,1.0
1088P,,False,1.0
1089R,,False,1.0
1090E,,False,1.0
1091G,,False,1.0
1092V,,False,1.0
1093F,,False,1.0
1094V,,False,1.0
1095S,,False,1.0
1096N,,False,1.0
1097G,,False,1.0
1098T,,False,1.0
1099H,,False,1.0
1100W,,False,1.0
1101F,,False,1.0
1102V,,False,1.0
1103T,,False,1.0
1104Q,,False,1.0
1105R,,False,1.0
1106N,,False,1.0
1107F,,False,1.0
1108Y,,False,1.0
1109E,,False,1.0
1110P,,False,1.0
1111Q,,False,1.0
1112I,,False,1.0
1113I,,False,1.0
1114T,,False,1.0
1115T,,False,1.0
1116D,,False,1.0
1117N,,False,1.0
1118T,,False,1.0
1119F,,False,1.0
1120V,,False,1.0
1121S,,False,1.0
1122G,,False,1.0
1123N,,False,1.0
1124C,,False,1.0
1125D,,False,1.0
1126V,,False,1.0
1127V,,False,1.0
1128I,,False,1.0
1129G,,False,1.0
1130I,1130I,True,7.2730375426621166
1131V,,False,1.0
1132N,,False,1.0
1133N,,False,1.0
1134T,,False,1.0
1135V,,False,1.0
1136Y,,False,1.0
1137D,,False,1.0
1138P,,False,1.0
1139L,,False,1.0
1140Q,,False,1.0
1141P,,False,1.0
1142E,,False,1.0
1143L,,False,1.0
1144D,,False,1.0
1145S,,False,1.0
1146F,,False,1.0
1147K,,False,1.0
1148E,,False,1.0
1149E,,False,1.0
1150L,,False,1.0
1151D,,False,1.0
1152K,,False,1.0
1153Y,,False,1.0
1154F,,False,1.0
1155K,,False,1.0
1156N,,False,1.0
1157H,,False,1.0
1158T,,False,1.0
1159S,,False,1.0
1160P,,False,1.0
1161D,,False,1.0
1162V,,False,1.0
1163D,,False,1.0
1164L,,False,1.0
1165G,,False,1.0
1166D,,False,1.0
1167I,,False,1.0
1168S,,False,1.0
1169G,,False,1.0
1170I,,False,1.0
1171N,,False,1.0
1172A,,False,1.0
1173S,,False,1.0
1174V,,False,1.0
1175V,,False,1.0
1176N,,False,1.0
1177I,,False,1.0
1178Q,,False,1.0
1179K,,False,1.0
1180E,,False,1.0
1181I,,False,1.0
1182D,,False,1.0
1183R,,False,1.0
1184L,,False,1.0
1185N,,False,1.0
1186E,,False,1.0
1187V,,False,1.0
1188A,,False,1.0
1189K,,False,1.0
1190N,,False,1.0
1191L,,False,1.0
1192N,,False,1.0
1193E,,False,1.0
1194S,,False,1.0
1195L,,False,1.0
1196I,,False,1.0
1197D,,False,1.0
1198L,,False,1.0
1199Q,,False,1.0
1200E,,False,1.0
1201L,,False,1.0
1202G,,False,1.0
1203K,,False,1.0
1204Y,,False,1.0
1205E,,False,1.0
1206Q,,False,1.0
1207Y,,False,1.0
1208I,,False,1.0
1209K,,False,1.0
1210W,,False,1.0
1211P,,False,1.0
1212W,,False,1.0
1213Y,,False,1.0
1214I,,False,1.0
1215W,,False,1.0
1216L,,False,1.0
1217G,,False,1.0
1218F,,False,1.0
1219I,,False,1.0
1220A,,False,1.0
1221G,,False,1.0
1222L,,False,1.0
1223I,,False,1.0
1224A,,False,1.0
1225I,,False,1.0
1226V,,False,1.0
1227M,,False,1.0
1228V,,False,1.0
1229T,,False,1.0
1230I,,False,1.0
1231M,,False,1.0
1232L,,False,1.0
1233C,,False,1.0
1234C,,False,1.0
1235M,,False,1.0
1236T,,False,1.0
1237S,,False,1.0
1238C,,False,1.0
1239C,,False,1.0
1240S,,False,1.0
1241C,,False,1.0
1242L,,False,1.0
1243K,,False,1.0
1244G,,False,1.0
1245C,,False,1.0
1246C,,False,1.0
1247S,,False,1.0
1248C,,False,1.0
1249G,,False,1.0
1250S,,False,1.0
1251C,,False,1.0
1252C,,False,1.0
1253K,,False,1.0
1254F,,False,1.0
1255D,,False,1.0
1256E,,False,1.0
1257D,,False,1.0
1258D,,False,1.0
1259S,,False,1.0
1260E,,False,1.0
1261P,,False,1.0
1262V,,False,1.0
1263L,,False,1.0
1264K,,False,1.0
1265G,,False,1.0
1266V,,False,1.0
1267K,,False,1.0
1268L,,False,1.0
1269H,,False,1.0
1270Y,,False,1.0
1271T,,False,1.0
